ID;City_id;date;passport_id;name_company;phone_number;quantity
1;3;08.01.2024 ДҮЙСЕНБІ;8457391284;ИП Ветер Степи;77011234567;50
2;5;08.01.2024 ДҮЙСЕНБІ;1029384756;ИП Золотой Шығыс;77787654321;30
3;4;15.01.2024 ДҮЙСЕНБІ;5986734123;ИП Дала Свет;77029876543;15
4;6;15.01.2024 ДУЙСЕНИ;4859673210;ИП Коктем Цветы;77715551234;15
5;3;15.01.2024 ДҮЙСЕНБІ;1290847563;ИП Тау Края;77777777777;45
6;3;22.01.2024 ДҮЙСЕНБІ;3908574162;ИП Сары Арка;77021234567;60
7;2;22.01.2024 ДҮЙСЕНБІ;5648391027;ИП Күн Рассвет;77716549875;20
8;8;29.01.2024 ДҮЙСЕНБІ;6739204851;ИП Гулли Сад;77031111111;30
9;6;08.01.2024 ДҮЙСЕНБІ;2948571630;ИП Нурли Путь;77729998888;30
10;8;15.01.2024 ДҮЙСЕНБІ;4729586310;ИП Жасыл Город;77047778899;15
11;1;15.01.2024 ДУЙСЕНИ;3894567120;ИП Таза Вода;77768889900;15
12;2;15.01.2024 ДҮЙСЕНБІ;5812390467;ИП Самал Ветер;77051234567;45
13;9;22.01.2024 ДҮЙСЕНБІ;9023458716;ИП Жарық Шахта;77744332211;60
14;6;22.01.2024 ДҮЙСЕНБІ;7563904821;ИП Сырдария Воды;77021212121;20
15;2;29.01.2024 ДҮЙСЕНБІ;2374895610;ИП Қазына Богатство;77799998877;30
16;4;08.01.2024 ДҮЙСЕНБІ;6891745230;ИП Алтын Урожай;77067676767;30
17;1;15.01.2024 ДҮЙСЕНБІ;4932058617;ИП Шөл Пустыня;77776767676;15
18;4;15.01.2024 ДУЙСЕНИ;5841723960;ИП Жемчужина Каспий;77071111111;15
19;9;15.01.2024 ДҮЙСЕНБІ;7604952138;ИП Береке Рынок;77791111111;45
20;4;22.01.2024 ДҮЙСЕНБІ;8234905167;ИП Сырым Знание;77088888888;60
21;2;22.01.2024 ДҮЙСЕНБІ;6519824370;ИП Киелі Места;77799999999;20
22;3;29.01.2024 ДҮЙСЕНБІ;1928374650;ИП Ай Луна;77021234567;30
23;3;08.01.2024 ДҮЙСЕНБІ;3087564912;ИП Туған Жер;77754321098;30
24;6;15.01.2024 ДҮЙСЕНБІ;4795263810;ИП Сұлу Краса;77012345678;15
25;5;15.01.2024 ДУЙСЕНИ;9824673510;ИП Қайрат Сила;77756789012;15
26;1;15.01.2024 ДҮЙСЕНБІ;2951847603;ИП Батырская Душа;77077777777;45
27;3;22.01.2024 ДҮЙСЕНБІ;7104926538;ИП Нұрлы Заря;77788888888;60
28;2;22.01.2024 ДҮЙСЕНБІ;8574631920;ИП Степная Сказка;77023456789;20
29;7;29.01.2024 ДҮЙСЕНБІ;3957812640;ИП Ақкөл Озеро;77734567890;30
30;4;08.01.2024 ДҮЙСЕНБІ;6190827354;ИП Мейрам Праздник;77098765432;30
31;6;15.01.2024 ДҮЙСЕНБІ;2043658971;ИП Қолөнер Ремесло;77787654321;15
32;4;15.01.2024 ДУЙСЕНИ;3871452690;ИП Жайлау Отдых;77011111111;15
33;3;15.01.2024 ДҮЙСЕНБІ;4182957063;ИП Қыран Орел;77722222222;45
34;9;22.01.2024 ДҮЙСЕНБІ;5396741820;ИП Таң Атқан;77033333333;60
35;8;22.01.2024 ДҮЙСЕНБІ;6120394875;ИП Жетісу Земли;77744444444;20
36;9;29.01.2024 ДҮЙСЕНБІ;2984160375;ИП Салт Дәстүр;77012345678;30
37;7;08.01.2024 ДҮЙСЕНБІ;4017962835;ИП Қарағай Лес;77798765432;30
38;8;15.01.2024 ДҮЙСЕНБІ;3764920185;ИП Алатау Горы;77023456789;15
39;6;15.01.2024 ДУЙСЕНИ;2843759610;ИП Балқаш Берега;77734567890;15
40;1;15.01.2024 ДҮЙСЕНБІ;5398102746;ИП Терек Дерево;77045678901;45
41;7;22.01.2024 ДҮЙСЕНБІ;6349825701;ИП Шыны Душа;77756789012;60
42;9;22.01.2024 ДҮЙСЕНБІ;1859742360;ИП Қызғалдақ Тюльпан;77098765432;20
43;4;29.01.2024 ДҮЙСЕНБІ;2671439850;ИП Жұлдыз Звезда;77787654321;30
44;8;22.01.2024 ДҮЙСЕНБІ;3965812740;ИП Көкшетау Вершина;77022222222;20
45;5;29.01.2024 ДҮЙСЕНБІ;8241596730;ИП Наурыз Весна;77733333333;30
46;6;08.01.2024 ДҮЙСЕНБІ;3594810726;ИП Тобыл Город;77033333333;30
47;8;15.01.2024 ДҮЙСЕНБІ;4712950863;ИП Ертіс Река;77744444444;15
48;4;15.01.2024 ДУЙСЕНИ;2691435807;ИП Саранча Луг;77044444444;15
49;9;15.01.2024 ДҮЙСЕНБІ;5341928760;ИП Мақта Хлопок;77755555555;45
50;4;22.01.2024 ДҮЙСЕНБІ;6924813705;ИП Қос Агаш;77055555555;60
51;3;22.01.2024 ДҮЙСЕНБІ;3794651820;ИП Сағыз Дерево;77766666666;20
52;4;22.01.2024 ДҮЙСЕНБІ;8213674950;ИП Бұйра Волна;77066666666;20
53;1;29.01.2024 ДҮЙСЕНБІ;1845369720;ИП Үлкен Дорога;77777777777;30
54;8;08.01.2024 ДҮЙСЕНБІ;5924817360;ИП Ақша Деньги;77077777777;30
55;2;15.01.2024 ДҮЙСЕНБІ;1472396580;ИП Жүрек Сердце;77788888888;15
56;7;15.01.2024 ДУЙСЕНИ;4296183570;ИП Жылы Юг;77088888888;15
57;3;15.01.2024 ДҮЙСЕНБІ;8502491763;ИП Самға Скачок;77799999999;45
58;3;22.01.2024 ДҮЙСЕНБІ;7613584290;ИП Қарағай Лесной;77099999999;60
59;2;22.01.2024 ДҮЙСЕНБІ;2459367180;ИП Тамыр Корень;87771804000;20
